MulSimple, MulCache, SumnSimple, SumnRetursion, SumnOP, SumnStep2, CompilerMul, CompilerSum, Muln, Sumn, iterations
0.0637474,0.0783114,0.00014054,0.00026209,0.00019464,7.383e-05,g++ -o sumn Sumn.cpp,g++ -o mmul MMul.cpp,200,6,100
0.277339,0.316899,0.00044668,0.00059683,0.0005112,0.00020726,g++ -o sumn Sumn.cpp,g++ -o mmul MMul.cpp,400,8,100
0.661052,0.740509,0.00106761,0.00182696,0.00163201,0.00072635,g++ -o sumn Sumn.cpp,g++ -o mmul MMul.cpp,600,10,100
1.2723,1.21216,0.00385697,0.00655208,0.00561345,0.00286627,g++ -o sumn Sumn.cpp,g++ -o mmul MMul.cpp,800,12,100
2.1042,1.86335,0.0159011,0.0244534,0.0226077,0.0110445,g++ -o sumn Sumn.cpp,g++ -o mmul MMul.cpp,1000,14,100
3.43961,2.66588,0.0603219,0.100732,0.0929303,0.0432733,g++ -o sumn Sumn.cpp,g++ -o mmul MMul.cpp,1200,16,100
5.33126,3.70675,0.235174,0.360324,0.337153,0.168033,g++ -o sumn Sumn.cpp,g++ -o mmul MMul.cpp,1400,18,100
9.47185,4.68074,0.917212,1.40312,1.32136,0.672732,g++ -o sumn Sumn.cpp,g++ -o mmul MMul.cpp,1600,20,100
14.3985,5.88978,3.64863,5.60145,5.45913,2.77725,g++ -o sumn Sumn.cpp,g++ -o mmul MMul.cpp,1800,22,100
19.1696,7.32523,14.6116,22.3886,22.1303,11.2466,g++ -o sumn Sumn.cpp,g++ -o mmul MMul.cpp,2000,24,100
23.8454,9.09637,57.0199,88.1044,87.6464,42.8785,g++ -o sumn Sumn.cpp,g++ -o mmul MMul.cpp,2200,26,100
0.068181,0.0782094,0.00014477,0.00027257,0.00019738,7.56e-05,g++ -pthread -o sumn Sumn.cpp,g++ -pthread -o mmul MMul.cpp,200,6,100
0.264911,0.303003,0.00031043,0.00057541,0.00047649,0.00019733,g++ -pthread -o sumn Sumn.cpp,g++ -pthread -o mmul MMul.cpp,400,8,100
0.637305,0.698353,0.00113896,0.00177268,0.00168879,0.00072641,g++ -pthread -o sumn Sumn.cpp,g++ -pthread -o mmul MMul.cpp,600,10,100
1.41446,1.32627,0.00410662,0.00645897,0.00594274,0.00340071,g++ -pthread -o sumn Sumn.cpp,g++ -pthread -o mmul MMul.cpp,800,12,100
2.33189,1.95505,0.0172245,0.0245571,0.0243901,0.0109123,g++ -pthread -o sumn Sumn.cpp,g++ -pthread -o mmul MMul.cpp,1000,14,100
3.20163,2.65178,0.0589234,0.095499,0.0844121,0.0426115,g++ -pthread -o sumn Sumn.cpp,g++ -pthread -o mmul MMul.cpp,1200,16,100
4.47261,3.53982,0.233284,0.352122,0.331477,0.168327,g++ -pthread -o sumn Sumn.cpp,g++ -pthread -o mmul MMul.cpp,1400,18,100
10.3804,4.69747,0.913983,1.41076,1.31768,0.678922,g++ -pthread -o sumn Sumn.cpp,g++ -pthread -o mmul MMul.cpp,1600,20,100
14.5187,5.84605,3.58954,5.50784,5.29912,2.71887,g++ -pthread -o sumn Sumn.cpp,g++ -pthread -o mmul MMul.cpp,1800,22,100
19.5276,7.26039,14.3578,22.0178,21.5186,11.125,g++ -pthread -o sumn Sumn.cpp,g++ -pthread -o mmul MMul.cpp,2000,24,100
24.5029,9.01984,58.4261,91.2147,91.8555,43.9424,g++ -pthread -o sumn Sumn.cpp,g++ -pthread -o mmul MMul.cpp,2200,26,100
0.0206231,0.0195581,6.802e-05,0.00017066,0.00010687,2.113e-05,g++ -O2 -pthread -o sumn Sumn.cpp,g++ -O2 -pthread -o mmul MMul.cpp,200,6,100
0.0912477,0.0708401,6.601e-05,0.0002743,0.0002148,2.149e-05,g++ -O2 -pthread -o sumn Sumn.cpp,g++ -O2 -pthread -o mmul MMul.cpp,400,8,100
0.250377,0.155648,6.931e-05,0.00052932,0.0005071,2.135e-05,g++ -O2 -pthread -o sumn Sumn.cpp,g++ -O2 -pthread -o mmul MMul.cpp,600,10,100
0.505861,0.27234,7.03e-05,0.0015548,0.00162154,2.096e-05,g++ -O2 -pthread -o sumn Sumn.cpp,g++ -O2 -pthread -o mmul MMul.cpp,800,12,100
0.735847,0.443892,7.393e-05,0.00620042,0.00644434,2.172e-05,g++ -O2 -pthread -o sumn Sumn.cpp,g++ -O2 -pthread -o mmul MMul.cpp,1000,14,100
1.1621,0.644745,6.998e-05,0.0211985,0.0243045,2.122e-05,g++ -O2 -pthread -o sumn Sumn.cpp,g++ -O2 -pthread -o mmul MMul.cpp,1200,16,100
2.67188,1.04289,6.845e-05,0.0966039,0.113915,2.142e-05,g++ -O2 -pthread -o sumn Sumn.cpp,g++ -O2 -pthread -o mmul MMul.cpp,1400,18,100
6.15171,1.33828,6.751e-05,0.414366,0.395171,2.176e-05,g++ -O2 -pthread -o sumn Sumn.cpp,g++ -O2 -pthread -o mmul MMul.cpp,1600,20,100
11.9317,1.45142,6.781e-05,2.13257,2.13215,2.626e-05,g++ -O2 -pthread -o sumn Sumn.cpp,g++ -O2 -pthread -o mmul MMul.cpp,1800,22,100
18.3688,1.92229,8.067e-05,10.8494,13.5758,3.93e-05,g++ -O2 -pthread -o sumn Sumn.cpp,g++ -O2 -pthread -o mmul MMul.cpp,2000,24,100
21.8096,2.16486,7.522e-05,44.5725,55.2341,3.527e-05,g++ -O2 -pthread -o sumn Sumn.cpp,g++ -O2 -pthread -o mmul MMul.cpp,2200,26,100
0.0306814,0.00854605,7.092e-05,0.00017936,0.00011165,2.134e-05,g++ -O3 -pthread -o sumn Sumn.cpp,g++ -O3 -pthread -o mmul MMul.cpp,200,6,100
0.123833,0.0440623,6.983e-05,0.00024727,0.00019767,2.191e-05,g++ -O3 -pthread -o sumn Sumn.cpp,g++ -O3 -pthread -o mmul MMul.cpp,400,8,100
0.268923,0.0693042,7.103e-05,0.00035618,0.00048497,2.204e-05,g++ -O3 -pthread -o sumn Sumn.cpp,g++ -O3 -pthread -o mmul MMul.cpp,600,10,100
0.426011,0.106292,7.26e-05,0.0007145,0.00155537,2.262e-05,g++ -O3 -pthread -o sumn Sumn.cpp,g++ -O3 -pthread -o mmul MMul.cpp,800,12,100
0.701359,0.18136,7.222e-05,0.00202357,0.00578366,2.135e-05,g++ -O3 -pthread -o sumn Sumn.cpp,g++ -O3 -pthread -o mmul MMul.cpp,1000,14,100
1.02174,0.266499,7.391e-05,0.00756213,0.0225652,2.075e-05,g++ -O3 -pthread -o sumn Sumn.cpp,g++ -O3 -pthread -o mmul MMul.cpp,1200,16,100
1.70176,0.475088,8.357e-05,0.0313189,0.0887004,2.092e-05,g++ -O3 -pthread -o sumn Sumn.cpp,g++ -O3 -pthread -o mmul MMul.cpp,1400,18,100
6.24532,0.63682,7.41e-05,0.139778,0.344511,2.214e-05,g++ -O3 -pthread -o sumn Sumn.cpp,g++ -O3 -pthread -o mmul MMul.cpp,1600,20,100
13.2223,0.885477,8.416e-05,1.41426,1.85786,5.869e-05,g++ -O3 -pthread -o sumn Sumn.cpp,g++ -O3 -pthread -o mmul MMul.cpp,1800,22,100
17.1379,1.28402,0.00010699,9.23044,13.1361,3.853e-05,g++ -O3 -pthread -o sumn Sumn.cpp,g++ -O3 -pthread -o mmul MMul.cpp,2000,24,100
21.7456,1.66494,8.424e-05,40.3165,55.7504,3.508e-05,g++ -O3 -pthread -o sumn Sumn.cpp,g++ -O3 -pthread -o mmul MMul.cpp,2200,26,100
0.0684363,0.0794019,0.00014106,0.00026069,0.00019734,7.572e-05,g++ -fopenmp -o sumn Sumn.cpp,g++ -fopenmp -o mmul MMul.cpp,200,6,100
0.265702,0.305781,0.00032111,0.00058667,0.00049973,0.0002032,g++ -fopenmp -o sumn Sumn.cpp,g++ -fopenmp -o mmul MMul.cpp,400,8,100
0.628367,0.677975,0.00130149,0.00176685,0.00156503,0.00071204,g++ -fopenmp -o sumn Sumn.cpp,g++ -fopenmp -o mmul MMul.cpp,600,10,100
1.21257,1.18383,0.00391527,0.00646521,0.00604874,0.00282641,g++ -fopenmp -o sumn Sumn.cpp,g++ -fopenmp -o mmul MMul.cpp,800,12,100
2.84435,2.03903,0.0153867,0.0281748,0.0228731,0.0113844,g++ -fopenmp -o sumn Sumn.cpp,g++ -fopenmp -o mmul MMul.cpp,1000,14,100
3.59113,2.68864,0.0609178,0.0974401,0.0856293,0.0426641,g++ -fopenmp -o sumn Sumn.cpp,g++ -fopenmp -o mmul MMul.cpp,1200,16,100
5.0535,3.62886,0.230216,0.369571,0.336071,0.167146,g++ -fopenmp -o sumn Sumn.cpp,g++ -fopenmp -o mmul MMul.cpp,1400,18,100
8.99538,4.65676,0.895874,1.378,1.3154,0.6713,g++ -fopenmp -o sumn Sumn.cpp,g++ -fopenmp -o mmul MMul.cpp,1600,20,100
14.8939,5.94893,3.84876,5.59842,5.40445,2.84733,g++ -fopenmp -o sumn Sumn.cpp,g++ -fopenmp -o mmul MMul.cpp,1800,22,100
19.4903,7.22809,14.4226,22.2396,21.7371,10.9321,g++ -fopenmp -o sumn Sumn.cpp,g++ -fopenmp -o mmul MMul.cpp,2000,24,100
23.2441,9.15546,58.0561,89.5,89.3485,43.3443,g++ -fopenmp -o sumn Sumn.cpp,g++ -fopenmp -o mmul MMul.cpp,2200,26,100
0.0214005,0.0185989,7.001e-05,0.00017695,0.00011009,2.186e-05,g++ -O2 -fopenmp -o sumn Sumn.cpp,g++ -O2 -fopenmp -o mmul MMul.cpp,200,6,100
0.105493,0.0721742,7.294e-05,0.00028026,0.0002164,2.092e-05,g++ -O2 -fopenmp -o sumn Sumn.cpp,g++ -O2 -fopenmp -o mmul MMul.cpp,400,8,100
0.283346,0.166212,7.316e-05,0.00055801,0.00052733,2.175e-05,g++ -O2 -fopenmp -o sumn Sumn.cpp,g++ -O2 -fopenmp -o mmul MMul.cpp,600,10,100
0.56058,0.311272,7.107e-05,0.00162432,0.00165627,2.118e-05,g++ -O2 -fopenmp -o sumn Sumn.cpp,g++ -O2 -fopenmp -o mmul MMul.cpp,800,12,100
0.825271,0.453156,6.942e-05,0.00526646,0.00605039,2.113e-05,g++ -O2 -fopenmp -o sumn Sumn.cpp,g++ -O2 -fopenmp -o mmul MMul.cpp,1000,14,100
1.3051,0.670489,6.961e-05,0.0196292,0.0241457,2.143e-05,g++ -O2 -fopenmp -o sumn Sumn.cpp,g++ -O2 -fopenmp -o mmul MMul.cpp,1200,16,100
1.53881,0.81278,6.715e-05,0.0820694,0.0885891,2.142e-05,g++ -O2 -fopenmp -o sumn Sumn.cpp,g++ -O2 -fopenmp -o mmul MMul.cpp,1400,18,100
4.11186,1.08745,6.521e-05,0.296736,0.343323,2.065e-05,g++ -O2 -fopenmp -o sumn Sumn.cpp,g++ -O2 -fopenmp -o mmul MMul.cpp,1600,20,100
11.0186,1.44569,7.332e-05,2.04546,2.39515,3.016e-05,g++ -O2 -fopenmp -o sumn Sumn.cpp,g++ -O2 -fopenmp -o mmul MMul.cpp,1800,22,100
15.7903,1.76762,8.076e-05,10.6415,12.8834,3.985e-05,g++ -O2 -fopenmp -o sumn Sumn.cpp,g++ -O2 -fopenmp -o mmul MMul.cpp,2000,24,100
21.4683,2.19516,7.178e-05,43.7541,55.9049,3.84e-05,g++ -O2 -fopenmp -o sumn Sumn.cpp,g++ -O2 -fopenmp -o mmul MMul.cpp,2200,26,100
0.0282676,0.0080728,7.109e-05,0.00017904,0.00011068,2.143e-05,g++ -O3 -fopenmp -o sumn Sumn.cpp,g++ -O3 -fopenmp -o mmul MMul.cpp,200,6,100
0.123282,0.034451,6.96e-05,0.00023664,0.00020104,2.167e-05,g++ -O3 -fopenmp -o sumn Sumn.cpp,g++ -O3 -fopenmp -o mmul MMul.cpp,400,8,100
0.321592,0.0822991,7.072e-05,0.00035536,0.00049013,2.153e-05,g++ -O3 -fopenmp -o sumn Sumn.cpp,g++ -O3 -fopenmp -o mmul MMul.cpp,600,10,100
0.587117,0.167361,7.514e-05,0.0008798,0.00179629,2.242e-05,g++ -O3 -fopenmp -o sumn Sumn.cpp,g++ -O3 -fopenmp -o mmul MMul.cpp,800,12,100
0.839001,0.235856,7.857e-05,0.00256485,0.00678879,2.153e-05,g++ -O3 -fopenmp -o sumn Sumn.cpp,g++ -O3 -fopenmp -o mmul MMul.cpp,1000,14,100
1.719,0.492032,7.666e-05,0.0101454,0.0266535,2.154e-05,g++ -O3 -fopenmp -o sumn Sumn.cpp,g++ -O3 -fopenmp -o mmul MMul.cpp,1200,16,100
3.6655,1.12158,7.742e-05,0.063701,0.118044,2.215e-05,g++ -O3 -fopenmp -o sumn Sumn.cpp,g++ -O3 -fopenmp -o mmul MMul.cpp,1400,18,100
9.41991,1.12759,9.103e-05,0.39656,0.494316,2.377e-05,g++ -O3 -fopenmp -o sumn Sumn.cpp,g++ -O3 -fopenmp -o mmul MMul.cpp,1600,20,100
14.082,1.16725,0.00013018,1.8081,2.36299,6.381e-05,g++ -O3 -fopenmp -o sumn Sumn.cpp,g++ -O3 -fopenmp -o mmul MMul.cpp,1800,22,100
19.7226,1.45014,0.00013043,10.2524,14.6975,4.759e-05,g++ -O3 -fopenmp -o sumn Sumn.cpp,g++ -O3 -fopenmp -o mmul MMul.cpp,2000,24,100
22.5755,1.46169,8.518e-05,41.8176,58.3099,4.648e-05,g++ -O3 -fopenmp -o sumn Sumn.cpp,g++ -O3 -fopenmp -o mmul MMul.cpp,2200,26,100
0.063149,0.0747681,0.00013958,0.0002538,0.0001855,7.072e-05,g++ -mavx -o sumn Sumn.cpp,g++ -mavx -o mmul MMul.cpp,200,6,100
0.263773,0.296466,0.00031079,0.00058,0.00046909,0.00019789,g++ -mavx -o sumn Sumn.cpp,g++ -mavx -o mmul MMul.cpp,400,8,100
0.645585,0.677241,0.00102056,0.00184654,0.00154874,0.00071996,g++ -mavx -o sumn Sumn.cpp,g++ -mavx -o mmul MMul.cpp,600,10,100
1.34682,1.2269,0.00391046,0.00638794,0.00728441,0.00276575,g++ -mavx -o sumn Sumn.cpp,g++ -mavx -o mmul MMul.cpp,800,12,100
2.03376,1.86722,0.0158351,0.0258881,0.0238961,0.0112473,g++ -mavx -o sumn Sumn.cpp,g++ -mavx -o mmul MMul.cpp,1000,14,100
3.44359,2.70915,0.0661472,0.0950811,0.0898021,0.0436523,g++ -mavx -o sumn Sumn.cpp,g++ -mavx -o mmul MMul.cpp,1200,16,100
5.39862,3.70488,0.241309,0.362409,0.348557,0.167727,g++ -mavx -o sumn Sumn.cpp,g++ -mavx -o mmul MMul.cpp,1400,18,100
10.5642,4.66503,0.958696,1.39816,1.32608,0.68407,g++ -mavx -o sumn Sumn.cpp,g++ -mavx -o mmul MMul.cpp,1600,20,100
15.7411,6.02194,3.78737,5.82569,5.79216,2.9318,g++ -mavx -o sumn Sumn.cpp,g++ -mavx -o mmul MMul.cpp,1800,22,100
19.4653,7.29132,14.508,22.3575,21.9747,11.0675,g++ -mavx -o sumn Sumn.cpp,g++ -mavx -o mmul MMul.cpp,2000,24,100
24.225,9.1427,57.3727,88.958,88.0843,43.0344,g++ -mavx -o sumn Sumn.cpp,g++ -mavx -o mmul MMul.cpp,2200,26,100
0.0264658,0.0234874,6.864e-05,0.00019402,0.00011805,2.154e-05,g++ -O2 -mavx -o sumn Sumn.cpp,g++ -O2 -mavx -o mmul MMul.cpp,200,6,100
0.110591,0.0889704,6.711e-05,0.00028884,0.0002522,2.105e-05,g++ -O2 -mavx -o sumn Sumn.cpp,g++ -O2 -mavx -o mmul MMul.cpp,400,8,100
0.309187,0.211166,6.917e-05,0.00067954,0.00071093,2.227e-05,g++ -O2 -mavx -o sumn Sumn.cpp,g++ -O2 -mavx -o mmul MMul.cpp,600,10,100
0.524087,0.343725,7.074e-05,0.00150884,0.00228946,2.125e-05,g++ -O2 -mavx -o sumn Sumn.cpp,g++ -O2 -mavx -o mmul MMul.cpp,800,12,100
0.852844,0.55283,7.374e-05,0.00564357,0.00959932,2.194e-05,g++ -O2 -mavx -o sumn Sumn.cpp,g++ -O2 -mavx -o mmul MMul.cpp,1000,14,100
1.43378,0.791111,6.99e-05,0.0234198,0.0385102,2.158e-05,g++ -O2 -mavx -o sumn Sumn.cpp,g++ -O2 -mavx -o mmul MMul.cpp,1200,16,100
2.16932,1.06639,8.119e-05,0.101372,0.139141,2.091e-05,g++ -O2 -mavx -o sumn Sumn.cpp,g++ -O2 -mavx -o mmul MMul.cpp,1400,18,100
8.22304,1.41568,6.497e-05,0.351343,0.543474,2.195e-05,g++ -O2 -mavx -o sumn Sumn.cpp,g++ -O2 -mavx -o mmul MMul.cpp,1600,20,100
13.5029,1.71468,6.642e-05,2.0098,2.50937,2.514e-05,g++ -O2 -mavx -o sumn Sumn.cpp,g++ -O2 -mavx -o mmul MMul.cpp,1800,22,100
18.0013,2.07565,7.474e-05,10.3729,13.8859,2.608e-05,g++ -O2 -mavx -o sumn Sumn.cpp,g++ -O2 -mavx -o mmul MMul.cpp,2000,24,100
20.9052,2.49823,7.454e-05,44.1302,57.2004,3.203e-05,g++ -O2 -mavx -o sumn Sumn.cpp,g++ -O2 -mavx -o mmul MMul.cpp,2200,26,100
0.0353088,0.00481319,6.764e-05,0.00016955,0.00010335,2.148e-05,g++ -O3 -mavx -o sumn Sumn.cpp,g++ -O3 -mavx -o mmul MMul.cpp,200,6,100
0.125086,0.021294,6.732e-05,0.00022096,0.00020359,2.104e-05,g++ -O3 -mavx -o sumn Sumn.cpp,g++ -O3 -mavx -o mmul MMul.cpp,400,8,100
0.304308,0.0456801,7.122e-05,0.00040147,0.0005442,2.124e-05,g++ -O3 -mavx -o sumn Sumn.cpp,g++ -O3 -mavx -o mmul MMul.cpp,600,10,100
0.549219,0.097934,6.925e-05,0.00092814,0.00161325,2.093e-05,g++ -O3 -mavx -o sumn Sumn.cpp,g++ -O3 -mavx -o mmul MMul.cpp,800,12,100
0.937544,0.203283,7.022e-05,0.00302006,0.00637034,2.144e-05,g++ -O3 -mavx -o sumn Sumn.cpp,g++ -O3 -mavx -o mmul MMul.cpp,1000,14,100
1.34151,0.285118,6.908e-05,0.0112567,0.0244323,2.163e-05,g++ -O3 -mavx -o sumn Sumn.cpp,g++ -O3 -mavx -o mmul MMul.cpp,1200,16,100
2.02977,0.485099,6.696e-05,0.0527237,0.0948805,2.062e-05,g++ -O3 -mavx -o sumn Sumn.cpp,g++ -O3 -mavx -o mmul MMul.cpp,1400,18,100
8.76777,0.723222,6.491e-05,0.212281,0.376278,2.157e-05,g++ -O3 -mavx -o sumn Sumn.cpp,g++ -O3 -mavx -o mmul MMul.cpp,1600,20,100
13.6512,0.904294,6.773e-05,1.77996,2.16748,3.137e-05,g++ -O3 -mavx -o sumn Sumn.cpp,g++ -O3 -mavx -o mmul MMul.cpp,1800,22,100
19.0095,1.32674,8.078e-05,10.3998,14.6059,2.778e-05,g++ -O3 -mavx -o sumn Sumn.cpp,g++ -O3 -mavx -o mmul MMul.cpp,2000,24,100
22.3884,1.71327,6.907e-05,42.7977,58.3281,3.246e-05,g++ -O3 -mavx -o sumn Sumn.cpp,g++ -O3 -mavx -o mmul MMul.cpp,2200,26,100
0.115318,0.132229,0.0377024,0.0273373,0.0262978,0.00049957,arm-linux-gnueabi-g++ -O2 -pthread -static -o sumn Sumn.cpp,arm-linux-gnueabi-g++ -O2 -pthread -static -o mmul MMul.cpp,200,6,100
0.394134,0.368782,0.0391484,0.0290235,0.0312802,0.00050356,arm-linux-gnueabi-g++ -O2 -pthread -static -o sumn Sumn.cpp,arm-linux-gnueabi-g++ -O2 -pthread -static -o mmul MMul.cpp,400,8,100
0.774413,0.753333,0.037319,0.0293912,0.0278101,0.00048026,arm-linux-gnueabi-g++ -O2 -pthread -static -o sumn Sumn.cpp,arm-linux-gnueabi-g++ -O2 -pthread -static -o mmul MMul.cpp,600,10,100
1.67446,1.387,0.0372171,0.0364441,0.034173,0.00048183,arm-linux-gnueabi-g++ -O2 -pthread -static -o sumn Sumn.cpp,arm-linux-gnueabi-g++ -O2 -pthread -static -o mmul MMul.cpp,800,12,100
3.61494,2.20087,0.0391221,0.0756445,0.057619,0.0007051,arm-linux-gnueabi-g++ -O2 -pthread -static -o sumn Sumn.cpp,arm-linux-gnueabi-g++ -O2 -pthread -static -o mmul MMul.cpp,1000,14,100
5.71889,3.21102,0.0383245,0.212498,0.139091,0.00075592,arm-linux-gnueabi-g++ -O2 -pthread -static -o sumn Sumn.cpp,arm-linux-gnueabi-g++ -O2 -pthread -static -o mmul MMul.cpp,1200,16,100
6.55367,4.25222,0.0379784,0.759982,0.459604,0.00056918,arm-linux-gnueabi-g++ -O2 -pthread -static -o sumn Sumn.cpp,arm-linux-gnueabi-g++ -O2 -pthread -static -o mmul MMul.cpp,1400,18,100
8.05198,5.51447,0.0378622,2.88654,1.68385,0.00053334,arm-linux-gnueabi-g++ -O2 -pthread -static -o sumn Sumn.cpp,arm-linux-gnueabi-g++ -O2 -pthread -static -o mmul MMul.cpp,1600,20,100
13.3322,7.00611,0.0410461,11.4647,6.71805,0.00171978,arm-linux-gnueabi-g++ -O2 -pthread -static -o sumn Sumn.cpp,arm-linux-gnueabi-g++ -O2 -pthread -static -o mmul MMul.cpp,1800,22,100
19.6319,8.7837,0.043726,46.0339,27.658,0.00254774,arm-linux-gnueabi-g++ -O2 -pthread -static -o sumn Sumn.cpp,arm-linux-gnueabi-g++ -O2 -pthread -static -o mmul MMul.cpp,2000,24,100
23.488,10.6971,0.0508541,184.225,110.435,0.0030931,arm-linux-gnueabi-g++ -O2 -pthread -static -o sumn Sumn.cpp,arm-linux-gnueabi-g++ -O2 -pthread -static -o mmul MMul.cpp,2200,26,100
0.117546,0.140174,0.0413351,0.0280302,0.0268186,0.00049858,arm-linux-gnueabi-g++ -O3 -pthread -static -o sumn Sumn.cpp,arm-linux-gnueabi-g++ -O3 -pthread -static -o mmul MMul.cpp,200,6,100
0.426256,0.401806,0.0400917,0.0300473,0.0281042,0.00052656,arm-linux-gnueabi-g++ -O3 -pthread -static -o sumn Sumn.cpp,arm-linux-gnueabi-g++ -O3 -pthread -static -o mmul MMul.cpp,400,8,100
0.746299,0.809415,0.0387243,0.0274938,0.0278924,0.00049283,arm-linux-gnueabi-g++ -O3 -pthread -static -o sumn Sumn.cpp,arm-linux-gnueabi-g++ -O3 -pthread -static -o mmul MMul.cpp,600,10,100
1.45069,1.39881,0.0380231,0.0369198,0.0342788,0.00050886,arm-linux-gnueabi-g++ -O3 -pthread -static -o sumn Sumn.cpp,arm-linux-gnueabi-g++ -O3 -pthread -static -o mmul MMul.cpp,800,12,100
2.32388,2.1797,0.0365542,0.0697754,0.0551178,0.00058601,arm-linux-gnueabi-g++ -O3 -pthread -static -o sumn Sumn.cpp,arm-linux-gnueabi-g++ -O3 -pthread -static -o mmul MMul.cpp,1000,14,100
3.5005,3.14692,0.0368119,0.201619,0.133824,0.00052004,arm-linux-gnueabi-g++ -O3 -pthread -static -o sumn Sumn.cpp,arm-linux-gnueabi-g++ -O3 -pthread -static -o mmul MMul.cpp,1200,16,100
5.2827,4.26478,0.0373104,0.740087,0.444185,0.00060078,arm-linux-gnueabi-g++ -O3 -pthread -static -o sumn Sumn.cpp,arm-linux-gnueabi-g++ -O3 -pthread -static -o mmul MMul.cpp,1400,18,100
7.77045,5.55236,0.0379244,2.8521,1.6764,0.00049814,arm-linux-gnueabi-g++ -O3 -pthread -static -o sumn Sumn.cpp,arm-linux-gnueabi-g++ -O3 -pthread -static -o mmul MMul.cpp,1600,20,100
12.1491,7.01131,0.0406285,11.3033,6.63568,0.0017305,arm-linux-gnueabi-g++ -O3 -pthread -static -o sumn Sumn.cpp,arm-linux-gnueabi-g++ -O3 -pthread -static -o mmul MMul.cpp,1800,22,100
17.3521,8.72772,0.0442878,45.2915,27.0038,0.00259753,arm-linux-gnueabi-g++ -O3 -pthread -static -o sumn Sumn.cpp,arm-linux-gnueabi-g++ -O3 -pthread -static -o mmul MMul.cpp,2000,24,100
23.7868,10.8456,0.0495854,184.389,111.22,0.00291614,arm-linux-gnueabi-g++ -O3 -pthread -static -o sumn Sumn.cpp,arm-linux-gnueabi-g++ -O3 -pthread -static -o mmul MMul.cpp,2200,26,100
0.207832,0.258902,0.0544203,0.0424918,0.0331041,0.0225964,arm-linux-gnueabi-g++ -pthread -static -o sumn Sumn.cpp,arm-linux-gnueabi-g++ -pthread -static -o mmul MMul.cpp,200,6,100
0.695842,0.827812,0.0569379,0.0434275,0.0337558,0.0222606,arm-linux-gnueabi-g++ -pthread -static -o sumn Sumn.cpp,arm-linux-gnueabi-g++ -pthread -static -o mmul MMul.cpp,400,8,100
1.51796,1.7109,0.0571077,0.0422477,0.0349218,0.0303527,arm-linux-gnueabi-g++ -pthread -static -o sumn Sumn.cpp,arm-linux-gnueabi-g++ -pthread -static -o mmul MMul.cpp,600,10,100
2.71367,2.9884,0.070863,0.053678,0.0460879,0.0360832,arm-linux-gnueabi-g++ -pthread -static -o sumn Sumn.cpp,arm-linux-gnueabi-g++ -pthread -static -o mmul MMul.cpp,800,12,100
4.83789,4.69195,0.0993132,0.101814,0.0881602,0.0584223,arm-linux-gnueabi-g++ -pthread -static -o sumn Sumn.cpp,arm-linux-gnueabi-g++ -pthread -static -o mmul MMul.cpp,1000,14,100
6.62657,6.74629,0.228319,0.304603,0.254349,0.144186,arm-linux-gnueabi-g++ -pthread -static -o sumn Sumn.cpp,arm-linux-gnueabi-g++ -pthread -static -o mmul MMul.cpp,1200,16,100
9.46564,9.03342,0.736784,1.03054,0.918857,0.509371,arm-linux-gnueabi-g++ -pthread -static -o sumn Sumn.cpp,arm-linux-gnueabi-g++ -pthread -static -o mmul MMul.cpp,1400,18,100
12.4748,11.8054,2.79182,4.01103,3.5596,1.92399,arm-linux-gnueabi-g++ -pthread -static -o sumn Sumn.cpp,arm-linux-gnueabi-g++ -pthread -static -o mmul MMul.cpp,1600,20,100
16.85,14.7895,10.886,15.7843,13.9433,7.4906,arm-linux-gnueabi-g++ -pthread -static -o sumn Sumn.cpp,arm-linux-gnueabi-g++ -pthread -static -o mmul MMul.cpp,1800,22,100
21.6988,18.6157,43.1333,62.7474,55.937,30.0335,arm-linux-gnueabi-g++ -pthread -static -o sumn Sumn.cpp,arm-linux-gnueabi-g++ -pthread -static -o mmul MMul.cpp,2000,24,100
28.9002,22.4856,175.467,253.869,226.65,121.916,arm-linux-gnueabi-g++ -pthread -static -o sumn Sumn.cpp,arm-linux-gnueabi-g++ -pthread -static -o mmul MMul.cpp,2200,26,100
0.201461,0.253249,0.0596456,0.0471106,0.0338851,0.0228302,arm-linux-gnueabi-g++ -fopenmp -static -o sumn Sumn.cpp,arm-linux-gnueabi-g++ -fopenmp -static -o mmul MMul.cpp,200,6,100
0.702819,0.812387,0.0532111,0.0438339,0.0330599,0.0228406,arm-linux-gnueabi-g++ -fopenmp -static -o sumn Sumn.cpp,arm-linux-gnueabi-g++ -fopenmp -static -o mmul MMul.cpp,400,8,100
1.59246,1.72998,0.0672704,0.045173,0.0368434,0.0309356,arm-linux-gnueabi-g++ -fopenmp -static -o sumn Sumn.cpp,arm-linux-gnueabi-g++ -fopenmp -static -o mmul MMul.cpp,600,10,100
2.82426,3.06799,0.0670523,0.0570711,0.0481523,0.0379305,arm-linux-gnueabi-g++ -fopenmp -static -o sumn Sumn.cpp,arm-linux-gnueabi-g++ -fopenmp -static -o mmul MMul.cpp,800,12,100
4.5885,4.66433,0.0991224,0.101685,0.0869875,0.0602346,arm-linux-gnueabi-g++ -fopenmp -static -o sumn Sumn.cpp,arm-linux-gnueabi-g++ -fopenmp -static -o mmul MMul.cpp,1000,14,100
6.9938,6.69404,0.228208,0.295348,0.253428,0.154288,arm-linux-gnueabi-g++ -fopenmp -static -o sumn Sumn.cpp,arm-linux-gnueabi-g++ -fopenmp -static -o mmul MMul.cpp,1200,16,100
11.7621,9.81988,0.799669,1.10802,0.992747,0.55834,arm-linux-gnueabi-g++ -fopenmp -static -o sumn Sumn.cpp,arm-linux-gnueabi-g++ -fopenmp -static -o mmul MMul.cpp,1400,18,100
14.4199,12.1409,2.87475,4.1457,3.666,1.991,arm-linux-gnueabi-g++ -fopenmp -static -o sumn Sumn.cpp,arm-linux-gnueabi-g++ -fopenmp -static -o mmul MMul.cpp,1600,20,100
19.8922,15.3068,11.3998,16.5048,14.6245,7.89055,arm-linux-gnueabi-g++ -fopenmp -static -o sumn Sumn.cpp,arm-linux-gnueabi-g++ -fopenmp -static -o mmul MMul.cpp,1800,22,100
25.2608,19.0739,45.2058,65.6214,59.0468,31.346,arm-linux-gnueabi-g++ -fopenmp -static -o sumn Sumn.cpp,arm-linux-gnueabi-g++ -fopenmp -static -o mmul MMul.cpp,2000,24,100
30.2783,23.0519,179.642,261.77,234.241,125.073,arm-linux-gnueabi-g++ -fopenmp -static -o sumn Sumn.cpp,arm-linux-gnueabi-g++ -fopenmp -static -o mmul MMul.cpp,2200,26,100
0.117194,0.13336,0.0379765,0.0279245,0.0267648,0.00048744,arm-linux-gnueabi-g++ -O2 -fopenmp -static -o sumn Sumn.cpp,arm-linux-gnueabi-g++ -O2 -fopenmp -static -o mmul MMul.cpp,200,6,100
0.42586,0.379677,0.038455,0.0320807,0.0301143,0.00056254,arm-linux-gnueabi-g++ -O2 -fopenmp -static -o sumn Sumn.cpp,arm-linux-gnueabi-g++ -O2 -fopenmp -static -o mmul MMul.cpp,400,8,100
0.839642,0.783335,0.0383008,0.0290182,0.0295349,0.00049119,arm-linux-gnueabi-g++ -O2 -fopenmp -static -o sumn Sumn.cpp,arm-linux-gnueabi-g++ -O2 -fopenmp -static -o mmul MMul.cpp,600,10,100
1.90499,1.38062,0.0384782,0.0382852,0.0347457,0.00056364,arm-linux-gnueabi-g++ -O2 -fopenmp -static -o sumn Sumn.cpp,arm-linux-gnueabi-g++ -O2 -fopenmp -static -o mmul MMul.cpp,800,12,100
2.47915,2.14573,0.0389525,0.0701998,0.0570402,0.00050574,arm-linux-gnueabi-g++ -O2 -fopenmp -static -o sumn Sumn.cpp,arm-linux-gnueabi-g++ -O2 -fopenmp -static -o mmul MMul.cpp,1000,14,100
3.88307,3.0683,0.0398596,0.207425,0.133051,0.00052835,arm-linux-gnueabi-g++ -O2 -fopenmp -static -o sumn Sumn.cpp,arm-linux-gnueabi-g++ -O2 -fopenmp -static -o mmul MMul.cpp,1200,16,100
5.78904,4.19211,0.0380343,0.752591,0.453472,0.0005319,arm-linux-gnueabi-g++ -O2 -fopenmp -static -o sumn Sumn.cpp,arm-linux-gnueabi-g++ -O2 -fopenmp -static -o mmul MMul.cpp,1400,18,100
11.3213,5.74779,0.0406748,2.98143,1.76459,0.00092858,arm-linux-gnueabi-g++ -O2 -fopenmp -static -o sumn Sumn.cpp,arm-linux-gnueabi-g++ -O2 -fopenmp -static -o mmul MMul.cpp,1600,20,100
16.8411,7.23159,0.0481891,11.921,7.24629,0.00272754,arm-linux-gnueabi-g++ -O2 -fopenmp -static -o sumn Sumn.cpp,arm-linux-gnueabi-g++ -O2 -fopenmp -static -o mmul MMul.cpp,1800,22,100
21.2976,9.01825,0.0476729,47.0231,28.7379,0.0031087,arm-linux-gnueabi-g++ -O2 -fopenmp -static -o sumn Sumn.cpp,arm-linux-gnueabi-g++ -O2 -fopenmp -static -o mmul MMul.cpp,2000,24,100
25.1738,10.9558,0.0502608,190.45,114.119,0.00335155,arm-linux-gnueabi-g++ -O2 -fopenmp -static -o sumn Sumn.cpp,arm-linux-gnueabi-g++ -O2 -fopenmp -static -o mmul MMul.cpp,2200,26,100
0.13085,0.142841,0.0389579,0.0297837,0.0271517,0.00054389,arm-linux-gnueabi-g++ -O3 -fopenmp -static -o sumn Sumn.cpp,arm-linux-gnueabi-g++ -O3 -fopenmp -static -o mmul MMul.cpp,200,6,100
0.455617,0.411754,0.0400004,0.0288188,0.0279454,0.00047044,arm-linux-gnueabi-g++ -O3 -fopenmp -static -o sumn Sumn.cpp,arm-linux-gnueabi-g++ -O3 -fopenmp -static -o mmul MMul.cpp,400,8,100
0.901745,0.852067,0.0878252,0.0319358,0.0291596,0.00050195,arm-linux-gnueabi-g++ -O3 -fopenmp -static -o sumn Sumn.cpp,arm-linux-gnueabi-g++ -O3 -fopenmp -static -o mmul MMul.cpp,600,10,100
1.74139,1.44035,0.0373859,0.0375856,0.0339984,0.00051349,arm-linux-gnueabi-g++ -O3 -fopenmp -static -o sumn Sumn.cpp,arm-linux-gnueabi-g++ -O3 -fopenmp -static -o mmul MMul.cpp,800,12,100
2.61583,2.23821,0.0370164,0.07075,0.0542824,0.00049856,arm-linux-gnueabi-g++ -O3 -fopenmp -static -o sumn Sumn.cpp,arm-linux-gnueabi-g++ -O3 -fopenmp -static -o mmul MMul.cpp,1000,14,100
4.34434,3.17101,0.0378454,0.207586,0.135028,0.00052328,arm-linux-gnueabi-g++ -O3 -fopenmp -static -o sumn Sumn.cpp,arm-linux-gnueabi-g++ -O3 -fopenmp -static -o mmul MMul.cpp,1200,16,100
6.87787,4.31349,0.0400721,0.753061,0.454737,0.00054045,arm-linux-gnueabi-g++ -O3 -fopenmp -static -o sumn Sumn.cpp,arm-linux-gnueabi-g++ -O3 -fopenmp -static -o mmul MMul.cpp,1400,18,100
8.79625,5.64771,0.0384074,2.91169,1.70654,0.00058701,arm-linux-gnueabi-g++ -O3 -fopenmp -static -o sumn Sumn.cpp,arm-linux-gnueabi-g++ -O3 -fopenmp -static -o mmul MMul.cpp,1600,20,100
14.8812,7.14723,0.044852,11.5465,6.82714,0.00191436,arm-linux-gnueabi-g++ -O3 -fopenmp -static -o sumn Sumn.cpp,arm-linux-gnueabi-g++ -O3 -fopenmp -static -o mmul MMul.cpp,1800,22,100
19.3555,8.85753,0.0453979,45.495,27.1292,0.00284888,arm-linux-gnueabi-g++ -O3 -fopenmp -static -o sumn Sumn.cpp,arm-linux-gnueabi-g++ -O3 -fopenmp -static -o mmul MMul.cpp,2000,24,100
24.6222,10.7839,0.0468203,183.602,110.292,0.0029614,arm-linux-gnueabi-g++ -O3 -fopenmp -static -o sumn Sumn.cpp,arm-linux-gnueabi-g++ -O3 -fopenmp -static -o mmul MMul.cpp,2200,26,100
0.108844,0.139082,0.0366959,0.0276199,0.0257148,0.00044297,arm-linux-gnueabi-g++ -O3 -fopenmp -static -o sumn Sumn.cpp,arm-linux-gnueabi-g++ -O3 -fopenmp -static -o mmul MMul.cpp,200,6,100
